timesteps,q1_mean,q1_std,q1_mean_abs,q1_std_abs,q2_mean,q2_std,q2_mean_abs,q2_std_abs,min_mean,min_std,min_mean_abs,min_std_abs,overestimation_gap_mean_abs,overestimation_gap_std_abs,loss1,loss2,critic_loss,mean_q_1,std_q_1,mean_q_2,std_q_2
10000,-0.49037739634513855,5.804337978363037,1.82783043384552,5.530808448791504,-0.5670005679130554,5.86421012878418,1.8794957399368286,5.583721160888672,-0.6695547699928284,5.84440803527832,1.9036988019943237,5.56608772277832,0.28173160552978516,0.43030646443367004,33.93080520629883,34.710445404052734,34.32062530517578,-3.467862367630005,6.595110893249512,-3.5444858074188232,6.533511638641357
