timesteps,q1_mean,q1_std,q1_mean_abs,q1_std_abs,q2_mean,q2_std,q2_mean_abs,q2_std_abs,min_mean,min_std,min_mean_abs,min_std_abs,overestimation_gap_mean_abs,overestimation_gap_std_abs,loss1,loss2,critic_loss,mean_q_1,std_q_1,mean_q_2,std_q_2
10000,-0.49037739634513855,5.804337978363037,1.82783043384552,5.530808448791504,-0.5670005679130554,5.86421012878418,1.8794957399368286,5.583721160888672,-0.6695547699928284,5.84440803527832,1.9036988019943237,5.56608772277832,0.28173160552978516,0.43030646443367004,33.93080520629883,34.710445404052734,34.32062530517578,-3.467862367630005,6.595110893249512,-3.5444858074188232,6.533511638641357
20000,-0.020234249532222748,4.264804363250732,1.2992172241210938,4.062142372131348,0.07464427500963211,4.247934341430664,1.3175609111785889,4.039127826690674,-0.10975030809640884,4.238959312438965,1.3123023509979248,4.032205581665039,0.27391064167022705,0.40288612246513367,18.188966751098633,18.050518035888672,18.119742393493652,-2.472933292388916,9.964694023132324,-2.378054618835449,9.941210746765137
30000,-0.12153469026088715,3.8673856258392334,1.2412513494491577,3.664797067642212,-0.1843554675579071,3.830770492553711,1.269554853439331,3.6189804077148438,-0.31280604004859924,3.833254814147949,1.2837867736816406,3.6254076957702637,0.3197219669818878,0.5337005853652954,14.971440315246582,14.708788871765137,14.84011459350586,-1.7815521955490112,10.191351890563965,-1.8443728685379028,10.017008781433105
